genes,transfer_auc,within_auc
"PTGS2,CDH4,ITPKA",0.43846153846153846,0.6076923076923076
"NHSL2,PLEKHA2,CRYBB2",0.7538461538461538,0.7230769230769231
"KIN,ADGRG6,MAB21L2",0.7692307692307693,0.8384615384615385
"SLC44A5,TAF9,TMEM273",0.8307692307692307,0.7923076923076923
"ZBTB47-AS1,CHN2,GPC4",0.5923076923076923,0.676923076923077
"SEC24D,CORO6,ATP5MC3",0.8153846153846154,0.7692307692307692
"JAZF1,CLHC1,AKT3",0.676923076923077,0.7692307692307693
"CACNA1E,GUSBP14,PAQR6",0.8538461538461538,0.8384615384615384
"KCTD16,C8orf34-AS1,CHCHD6",0.8769230769230769,0.8923076923076922
"COL5A2,BTBD10,IFT80",0.8769230769230769,0.8461538461538461
"DLX6-AS1,TYROBP,COPS3",0.9153846153846154,0.9153846153846154
"TBC1D7,ETS2,SELENBP1",0.8230769230769232,0.8153846153846154
"FZD3,RNF182,GM2A",0.3384615384615385,0.7692307692307693
"SEPTIN5,NRG3,TTC9",0.6076923076923078,0.8384615384615385
"SLC24A2,VCL,TRANK1",0.4307692307692308,0.5
"LOC105371352,MACO1,THAP9",0.7538461538461538,0.9153846153846154
"CEBPZOS,CLDN10,SLC22A4",0.7769230769230769,0.7615384615384615
"RBBP4,NME7,ELAVL4",0.5692307692307692,0.7923076923076924
"RTN2,PLA2G5,TSTD1",0.25384615384615383,0.8769230769230769
"TGFBR3,EPHX4,GFRA2",0.5230769230769231,0.5
"HBA1,IL17RB,LRP10",0.40769230769230763,0.8307692307692308
"H2BC12L,SYNE3,ADCY9",0.5615384615384615,0.3076923076923077
"HBA2,RNF180,SLC6A13",0.39230769230769225,0.24615384615384617
"SERPINA3,BMS1P2,SAMD12",0.9384615384615385,0.9307692307692308
"SEC24D,POPDC3,CEP152",0.5923076923076923,0.7692307692307692
"MIR124-2HG,ADCY7,RGS18",0.6461538461538462,0.6692307692307693
"MTHFD1L,REPS2,NEBL",0.5538461538461539,0.8923076923076922
"SYT12,GOLIM4,C12orf76",0.4076923076923077,0.9076923076923076
"FAM234B,MTMR10,PARD3",0.5769230769230769,0.2461538461538461
"MYADM,CHD3,ECHDC1",0.9076923076923077,0.8461538461538461
"MPEG1,CAMK2A,RCBTB1",0.47692307692307695,0.7615384615384615
"LOC100996756,NEUROD1,CYP39A1",0.773076923076923,0.8692307692307693
"OMD,POU2AF1,FHL2",0.9076923076923077,0.8846153846153846
"GALNT17,RETREG1,PAPLN",0.7692307692307693,0.9076923076923077
"HDGFL3,TCF7L1,WHRN",0.6884615384615385,1.0
"TOB2,GPAT3,FAM221A",0.41923076923076924,0.46153846153846156
"SEMA5A,ALDH8A1,SPACDR",0.823076923076923,0.7461538461538462
"DIPK1B,TMBIM1,PACRG-AS3",0.6692307692307693,0.5846153846153848
"CNTN2,DUSP5,CDC42BPA",0.9076923076923078,0.823076923076923
"GPT2,GINS1,OLMALINC",0.7076923076923076,0.3384615384615384
"TRIP13,PKIA,OPA1",0.8923076923076922,0.7538461538461538
"LACTB2,PWAR5,SH3PXD2A",0.5,0.8692307692307693
"SHANK2,RAB33A,FOLH1B",0.6461538461538461,0.7461538461538462
"RANBP2,TLE1,PREX1",0.13846153846153844,0.7692307692307692
"TNC,RFC3,ATP1A2",0.5615384615384615,0.5
"CPLX1,ARMCX5,BTBD2",0.7923076923076924,0.7384615384615385
"RBM6,EGR3,KCNK4",0.3076923076923077,0.5076923076923077
"MELTF,FXYD6,ZNF204P",0.9538461538461538,0.9230769230769231
"MEIS3,CDC42BPA,DHCR7",0.8692307692307693,0.8538461538461538
"PCDHA9,RNASET2,ADD2",0.8692307692307691,0.8384615384615385
"NUAK1,SERPINE1,CFAP52",0.3,0.6076923076923078
"CMSS1,FBLN5,TMEM64",0.7692307692307693,0.7692307692307693
"TNS3,DRAM1,TMEM30A",0.5692307692307692,0.6384615384615385
"CAV1,KNDC1,CSPG5",0.7923076923076923,0.8076923076923077
"RHOU,ITGB3BP,NCAN",0.5,0.7153846153846154
"NPIPB3,MCEE,PECAM1",0.7692307692307693,0.6076923076923076
"HSD17B3,CHD7,CYTH1",0.6538461538461539,0.8153846153846155
"ITGB2,REPS2,MAFF",0.9076923076923077,0.9
"RIMBP2,JPT1,BCAS4",0.8846153846153846,0.9
"ADGRB3,DYDC2,SLC8A1",0.7307692307692307,0.6230769230769231
"SELENOT,SERPINI2,CHRM1",0.8692307692307693,0.7384615384615385
"COBL,PMAIP1,RYR3",0.5461538461538461,0.5
"SH3GL2,SGK1,CEMIP",0.876923076923077,0.8307692307692307
"NPY5R,RGS16,CPLX1",0.7846153846153847,0.8307692307692307
"CLMP,STAT3,UCHL5",0.4,0.4076923076923077
"POU3F2,LARP6,BVES",0.7,0.7692307692307693
"SOSTDC1,LAMP5,ZFP36L2",0.8615384615384616,0.8
"LOC105372733,FNDC9,NAMPT",0.7846153846153847,0.8461538461538463
"ATP6V1B2,SLC4A3,ATP6V1H",0.9230769230769231,0.8615384615384616
"LRRTM2,CBX5,GNB4",0.7538461538461538,0.8769230769230769
"PDLIM1,MCL1,RELA",0.8153846153846154,0.6461538461538462
"CLK1,TGFBR1,ABHD12",0.9076923076923076,0.8846153846153846
"TEX29,FAH,RGS20",0.5,0.7153846153846154
"SEMA4D,ARHGAP32,HLA-C",0.6230769230769231,0.46153846153846156
"STYK1,HSPA8,CRYAB",0.4769230769230769,0.27307692307692305
"BTBD10,WWTR1,IL1R2",0.8769230769230769,0.8615384615384615
"GAL,GSPT2,QPCT",0.6307692307692307,0.4230769230769231
"CYP2J2,ZFHX4,H2BC12L",0.5461538461538461,0.4153846153846154
"EGR1,SREBF1,DEAF1",0.8538461538461538,0.8307692307692307
"PSMD8,SYTL2,RFFL",0.8769230769230769,0.7923076923076924
"SGMS1,CHAC1,SNHG9",0.16153846153846155,0.7923076923076923
"TOGARAM2,LOXL2,BMPR1A",0.676923076923077,0.5923076923076923
"LINC01877,JAKMIP3,STEAP4",0.5,0.7384615384615385
"PRAM1,C15orf40,RCAN2",0.4846153846153846,0.6923076923076923
"DOCK10,ATG4C,BTNL9",0.8192307692307692,0.8846153846153846
"LPCAT4,SOX9,NOG",0.3769230769230769,0.6230769230769231
"OMD,CACNA1B,NIBAN1",0.5692307692307692,0.4153846153846154
"P3H2,LIMK1,BAG2",0.26153846153846155,0.6461538461538462
"RUNX1T1,CDH1,SLC22A15",0.46923076923076923,0.7846153846153846
"PNISR-AS1,ABCA2,PLCXD3",0.6346153846153846,0.6153846153846154
"BBS5,PHLDB2,PTPN5",0.32307692307692304,0.5076923076923077
"RFPL2,ADGRV1,TBC1D19",0.36153846153846153,0.8615384615384616
"TDRD9,TSIX,CCEPR",0.5538461538461539,0.6
"PARVG,ANKRD26P3,TFRC",0.6461538461538461,0.8
"BCL2,CHORDC1,HIGD1B",0.7615384615384615,0.676923076923077
"GALNT3,NPHP3,PRKCI",0.7538461538461538,0.9846153846153847
"RAP1GDS1,HRH1,MIR7-3HG",0.8307692307692308,0.7999999999999999
"NRXN1,DHCR7,KCNE4",0.27692307692307694,0.8769230769230769
"SLC16A10,JAKMIP1,RAB3C",0.8307692307692307,1.0
"ELF1,ELAVL2,HLA-DMA",0.7769230769230769,0.8769230769230769
"PKP2,GREM1,LINC00537",0.5,0.676923076923077
"RORA,SPAG6,ATP8A2",0.8923076923076922,0.8692307692307693
"CKS2,UPP2,RAB38",0.3730769230769231,0.4923076923076923
"TCF7L1,ARRB1,KIF13B",0.7076923076923077,0.15384615384615385
"NCF4,NRN1,HSPBAP1",0.9230769230769231,0.8615384615384616
"PPM1B,FAM216A,RNF41",0.7846153846153846,0.8076923076923077
"HBG2,AGAP1,PPP3R1",0.6692307692307693,0.15384615384615383
"SUSD1,CLN5,COL6A3",0.5076923076923077,0.5
"MIR124-2HG,SRGN,EFEMP1",0.20769230769230768,0.8615384615384616
"PKNOX2,RAMP1,STK39",0.43076923076923074,0.2769230769230769
"DCLK1,EAF1,STARD9",0.8461538461538461,0.8307692307692307
"C2CD2L,PLCXD2,IL1RL1",0.6461538461538462,0.5923076923076924
"IFT70A,FAM117B,STK17B",0.7076923076923077,0.6230769230769231
"JADE2,NEK7,KIF19",0.49230769230769234,0.38076923076923075
"KIF9,TRAPPC2L,GABARAPL3",0.623076923076923,0.6384615384615384
"SLC13A3,ENPP4,LAYN",0.5,0.20769230769230768
"PFKFB3,ACSL1,ANXA2P2",0.5615384615384615,0.6846153846153846
"PIK3CG,TNFAIP8,PPARGC1B",0.3846153846153846,0.7
"MGAT4C,NAP1L5,RELL2",0.6307692307692307,0.5923076923076923
"KCNJ2,FSD1L,LOC100507336",0.5307692307692308,0.4769230769230769
"DUSP10,PAM,CUEDC1",0.8384615384615384,0.9076923076923077
"SNHG17,LINC01088,LAMA5",0.43076923076923074,0.8461538461538461
"MERTK,TMEM200A,MAGEL2",0.8307692307692308,0.8153846153846154
"TMEM35B,MAP4K4,DDIT4L",0.3769230769230769,0.45
"DYDC2,LNX1,BCO2",0.3923076923076923,0.31153846153846154
"BDH2,TADA1,ZSCAN31",0.2769230769230769,0.7384615384615385
"MASP1,OR7A5,EPHA7",0.3923076923076923,0.6000000000000001
"TMEM178A,DNAH17,AMPD3",0.9384615384615385,0.9230769230769231
"C21orf62,MSN,NEK1",0.1923076923076923,0.7846153846153847
"OCA2,DNAAF4,A2M-AS1",0.4923076923076923,0.8384615384615385
"GDF10,PRR7,CD109",0.23076923076923075,0.6384615384615384
"SOWAHA,STIM2,TMT1B",0.23076923076923073,0.9153846153846155
"LRRC7,C12orf75,TIMM17A",0.8538461538461538,0.846153846153846
"FHOD3,INSIG1,CCDC85A",0.5769230769230769,0.8923076923076922
"EPM2A-DT,MIR34BHG,BTG3-AS1",0.46153846153846156,0.8846153846153846
"NCKAP5,SPATA18,CGN",0.523076923076923,0.5
"NR2F2,RNF166,FAM216A",0.7846153846153846,0.5076923076923077
"CSMD1,NUDT11,PLXNA4",0.7307692307692307,0.3538461538461538
"SMS,CCDC177,LUZP2",0.9538461538461538,0.9384615384615385
"LBH,LOC101930421,SNORD114-3",0.4769230769230769,0.5
"OGN,MFHAS1,USF1",0.5,0.24615384615384617
"HPGDS,C1orf162,SLC19A1",0.5,0.7153846153846154
"KLHDC1,TOX-DT,HMGCLL1",0.7769230769230769,0.6307692307692309
"MTUS1,FSTL1,HAR1A",0.3384615384615384,0.8076923076923077
"HECTD2,NKAIN2,RIN2",0.4461538461538462,0.5038461538461538
"HRH1,ATP6V1D,ALDH7A1",0.9461538461538461,0.9307692307692308
"ADGRG2,NUP58,LOC375196",0.7076923076923077,0.5461538461538461
"ST3GAL1,TIMP1,LRFN5",0.8153846153846154,0.6923076923076923
"DLG3,TMPRSS5,HIC1",0.9230769230769231,0.9230769230769231
"CD55,ARHGAP9,EPB41",0.5038461538461538,0.7769230769230769
"CACNG8,TRIM14,LARGE1",0.9923076923076923,0.9846153846153847
"HK2,PER3,CPNE9",0.3269230769230769,0.8384615384615385
"ELAPOR2,SEPTIN4,TNC",0.5,0.8538461538461538
"CPLX1,NELL1,FABP7",0.8615384615384615,0.7538461538461538
"CFAP276,LRP10,TMEM47",0.36153846153846153,0.9153846153846154
"MICU3,KDELR3,INPP5D",0.4461538461538462,0.8846153846153847
"CRISPLD1,TMEM128,RUFY2",0.5692307692307692,0.8538461538461538
"MTMR10,ERI2,PPM1H",0.8769230769230769,0.8538461538461539
"CDH9,GPR158,NR4A1",0.9076923076923077,0.7615384615384615
"KIN,PREX2,SLC66A3",0.7538461538461538,0.6615384615384615
"ATP8B1,FAM78B,CCDC18-AS1",0.6307692307692307,0.8461538461538461
"C1QC,PTTG1,ZNF600",0.45384615384615384,0.7538461538461538
"HMGCLL1,TNS2,HLA-DRB6",0.6076923076923078,0.5769230769230769
"C2orf68,RPH3A,HRH2",0.5923076923076922,0.5230769230769231
"VSTM2A-OT1,KLF12,BMAL2",0.6153846153846154,0.8307692307692308
"PDE4DIPP2,BMS1P1,TMEM67",0.2692307692307692,1.0
"NEURL1B,NEFM,PPARGC1B",0.7384615384615385,0.5846153846153846
"PHGDH,CLXN,ATP5IF1",0.9076923076923078,0.8769230769230769
"BACE2,FHL2,SLC24A3",0.9230769230769231,0.8692307692307691
"HSPA4L,LRP5,HEATR5A",0.5692307692307692,0.45
"LSM11,OR7D2,SNHG16",0.823076923076923,0.7538461538461539
"RGS9BP,ENC1,C11orf87",0.9538461538461538,0.9384615384615385
"VAMP3,GPC1-AS1,RASSF5",0.7,0.6538461538461537
"DGKQ,SNX10,HAMP",0.7307692307692307,0.24230769230769228
"TF,NOTCH2,PTPN6",0.39999999999999997,0.5
"TENT5A,TMEM231,MAP3K2-DT",0.5,0.6153846153846154
"BTN3A2,UCHL5,NEK7",0.5307692307692308,0.27692307692307694
"LINC01792,PXYLP1,PEG10",0.4076923076923077,0.4
"CETN2,PFKFB2,HBA1",0.5,0.8769230769230769
"SEC23IP,CCNYL1,ZMAT4",0.5461538461538462,0.8230769230769232
"PZP,ATP5F1B,RBFOX3",0.9384615384615385,0.9076923076923076
"ULBP2,HYAL1,RBP7",0.6000000000000001,0.676923076923077
"TMEM209,SYT1,CNTN1",0.8846153846153846,0.846153846153846
"HERC2P7,GFRA2,TOMM34",0.8461538461538463,0.8461538461538461
"PPP1R13L,VAMP1,GRSF1",0.7076923076923077,0.7076923076923077
"LCA5,NIPSNAP2,CCK",0.8538461538461538,0.8307692307692307
"SELENOP,ANKRD26P3,PWAR5",0.6076923076923075,0.7
"HTATIP2,CD44,STIP1",0.5769230769230769,0.8692307692307693
"FAM181A,MYO1E,ZBTB20",0.876923076923077,0.8615384615384616
"SCN1B,SLC12A5,LGR6",0.7769230769230769,0.49999999999999994
"TULP3,ZNF826P,MYBPC1",0.6923076923076923,0.7692307692307692
"LRIG3,RFX2,SCRG1",0.7615384615384616,0.4769230769230769
"RBP7,PKIB,PTPN20",0.8692307692307693,0.823076923076923
"CEP78,SDC4,TCEAL7",0.6076923076923076,0.7384615384615385
"RGS6,MBTD1,SYNPR",0.8076923076923077,0.7461538461538462
"EPHA6,MYPOP,CHRM5",0.5384615384615384,0.676923076923077
"COL1A2,OLR1,OSBPL3",0.5,0.9153846153846154
"IFIH1,NSMCE3,GALNT4",0.7307692307692307,0.576923076923077
"PILRA,GAD2,EBP",0.7076923076923077,0.7769230769230769
"FCGBP,TCF7L2,BCL3",0.5923076923076924,0.7000000000000001
"PTPDC1,ZNF441,HES1",0.6692307692307693,0.7153846153846154
"COL6A1,DOCK2,KCNA4",0.823076923076923,0.8153846153846154
"JCAD,NEU1,PSMG4",0.8769230769230769,0.8538461538461538
"CTBS,TMEM128,EFHB",0.8076923076923077,0.8384615384615385
"SPAG1,GRM7,NGFR",0.7,0.5923076923076923
"FNBP1L,IER5,PCDH7",0.6692307692307692,0.4230769230769231
"MCM3AP-AS1,LOXL2,CENPB",0.7692307692307692,0.9384615384615385
"FOXJ1,EAF1,N4BP2L2",0.8923076923076922,0.8538461538461538
"SLC25A27,CENPN,EEF2K",0.4615384615384615,0.7461538461538462
"SERPIND1,LOC729732,ZNF483",0.3615384615384615,0.9538461538461538
"ATP1B2,OSCP1,NEBL",0.20769230769230768,0.8538461538461538
"MAU2,KCNIP4,SAMD3",0.7461538461538462,0.43846153846153846
"KCNA1,C12orf76,VDAC1",0.9230769230769231,0.8692307692307691
"PSMC6,DDX60,GABRB3",0.7846153846153846,0.7230769230769231
"NNAT,NEK3,HOPX",0.7307692307692307,0.9076923076923076
"KIF3A,GAD1,UCHL1",0.976923076923077,0.9538461538461538
"ACTN1,GPLD1,NDRG4",0.9923076923076923,0.9692307692307693
"CSGALNACT1,UBE2S,KCTD16",0.6,0.7230769230769231
"CMPK2,CAMK4,NNMT",0.8769230769230769,0.8538461538461538
"HAVCR2,GDAP1,AGAP2",0.85,0.7615384615384616
"KLC2,CFAP300,CH25H",0.13076923076923075,0.8384615384615385
"NADK2,POU2AF1,SYNGR2",0.9769230769230769,0.9769230769230769
"OMD,ITGB1,RASSF8-AS1",0.33076923076923076,0.7461538461538462
"ITPKB,SLC6A12,FERMT2",0.3538461538461538,0.7153846153846154
"YAP1,HHEX,FRAT2",0.4461538461538461,0.2615384615384615
"TTN,B4GALNT1,BTG4",0.7384615384615385,0.6153846153846154
"TP53,TCEAL7,CNTN2",0.846153846153846,0.8153846153846154
"ZNF503,PRKCG,ARHGAP29",0.5846153846153846,0.9615384615384616
"FRAS1,FNDC10,NR2F2",0.5076923076923077,0.6692307692307692
"PLXDC2,WFS1,CGREF1",0.7923076923076924,1.0
"FN1,WSCD2,ARHGEF3",0.7769230769230769,0.7076923076923077
"CHRM1,EPHB6,CFAP96",0.8153846153846154,0.8615384615384616
"ACTN2,SLC7A4,EMP3",0.6076923076923076,0.7153846153846154
"SLC39A14,MAP3K6,CDK18",0.8846153846153847,0.8461538461538463
"SUSD1,CARD16,PLK2",0.9076923076923078,0.9
"CITED1,BLTP3B,MT1F",0.7461538461538462,0.5846153846153845
"KCTD3,ABRACL,DMTN",0.4846153846153846,0.6076923076923078
"MAG,MBNL2,RNF182",0.5,0.8
"SKIC8,RBP1,TLR1",0.9076923076923078,0.9153846153846154
"KCNH7,RNF208,LMO7",0.12307692307692306,0.7538461538461539
"PPP1R13B,EFCAB12,SPP1",0.4692307692307692,0.45
"SYNGR1,PPARGC1A,THSD4",0.8769230769230769,0.8846153846153846
"GFPT1,TOGARAM2,SLCO1B3",0.8153846153846154,0.9384615384615385
"MICU3,CCND1,HMGCLL1",0.4461538461538462,0.7076923076923077
"ERV3-2,ATP6V0E1,TMEM45A",0.7692307692307692,0.43076923076923074
"RELL2,CD200,PCDHB5",0.5769230769230769,0.8615384615384616
"RSPH9,AGBL2,RALGDS",0.5307692307692308,0.4
"FOXC1,POU3F3,MERTK",0.5230769230769231,0.5
"KLF10,IFRD1,GKAP1",0.4846153846153846,0.36923076923076925
"PTPRK,MTCL1,UNC80",0.8615384615384616,0.9923076923076923
"LINC00622,CDC27,VEZF1",0.3692307692307692,0.7153846153846154
"ADORA3,SEC61A2,PTAFR",0.8923076923076922,0.8769230769230769
"ATP2B2,S1PR5,RNF135",0.8153846153846154,0.8461538461538461
"CLCN4,ITGA2,SEMA4A",0.9153846153846154,0.8692307692307693
"MSANTD1,MAP6D1,SLC7A5",0.5769230769230769,0.8461538461538461
"VWF,A2M-AS1,ADGRA1",0.5692307692307692,0.7000000000000001
"RND2,HCLS1,NKX1-2",0.7461538461538462,0.6461538461538462
"LOC389834,STUM,SNX32",0.4461538461538461,0.24615384615384617
"DACH2,ZFHX4,MOAP1",0.823076923076923,0.7923076923076923
"CHMP2B,SHISA9,DCK",0.3615384615384615,0.7846153846153846
"IQSEC2,DACH2,THAP9-AS1",0.7,0.8153846153846154
"SGIP1,ZNF404,POU6F1",0.8153846153846154,0.7923076923076924
"RYR3,NDFIP2,ITM2C",0.29230769230769227,0.9230769230769231
"MARK4,NRIP3,ETV5",0.7769230769230768,0.8692307692307693
"PER2,AMPD3,RYR1",0.5923076923076923,0.6
"H1-2,CDH12,DIAPH2-AS1",0.7307692307692308,0.34615384615384615
"PRCP,RAB3C,C21orf62",0.8307692307692307,0.7076923076923077
"CARD16,DOK7,LOC729218",0.4269230769230769,0.8153846153846154
"POP4,ENTPD4,SAMD9L",0.7846153846153846,0.9000000000000001
"CENPW,RRN3P2,GNG11",0.8615384615384616,0.8538461538461538
"PHEX,RCSD1,LINC01088",0.8,0.6923076923076923
"NUDT12,DPY19L2P2,CDH12",0.6076923076923078,0.34615384615384615
"KCTD12,CPAMD8,TREM2",0.7384615384615384,0.5076923076923078
"CTSG,CARD16,SLC6A9",0.5,0.7384615384615385
"FAIM,SLC35B3,EIF5A2",0.7153846153846154,0.8923076923076924
"RNF41,ASTN1,SERINC5",0.8846153846153846,0.8769230769230769
"SCN3A,SPAG17,CRYBB2",0.4538461538461538,0.5
"GLIPR1,CLHC1,ERAP2",0.5,0.4153846153846154
"BCL2,LINC01503,CAMK1",0.8153846153846154,0.7230769230769232
"KLF9,MMP16,PJA1",0.7692307692307693,1.0
"GFAP,RASSF2,CGNL1",0.23076923076923075,0.48461538461538456
"RAB27A,COL6A1,NYAP2",0.8769230769230769,0.9153846153846154
"CCNA1,RMI2,COL4A2",0.676923076923077,0.6846153846153846
"ITGB2-AS1,OXR1,NLN",0.7538461538461538,0.823076923076923
"ANGPT1,DRC1,ULK2",0.8307692307692307,0.8230769230769232
"GALNT9,C4A,KIF9",0.8307692307692307,0.7692307692307693
"PPP1R2,CXCL12,ITSN1",0.8153846153846154,0.8076923076923077
"BDNF-AS,RAB30,PRKCH",0.34615384615384615,0.26923076923076916
"TRAPPC13,SDHAF4,FAM226A",0.8153846153846154,0.9923076923076923
"RRP12,TRIM47,OLA1",0.7538461538461538,0.8923076923076922
"LHFPL2,MGC16275,MCC",0.2692307692307692,0.5307692307692308
"RUNDC3B,HHATL,NMRK1",0.7923076923076923,0.7923076923076923
"SLC16A9,PADI2,DACT1",0.38461538461538464,0.6692307692307692
"PMS2P2,PSPHP1,BAZ2B",0.3538461538461538,0.21153846153846154
"SCN2B,ANP32B,CDHR1",0.9846153846153847,0.9846153846153847
"BMAL2,TCIRG1,SERPINE2",0.7730769230769231,0.8384615384615386
"NR4A1,NHLH2,CRY1",0.5,0.7076923076923076
"FBXO15,FBLN1,C1R",0.5692307692307692,0.5
"MOSPD1,CGREF1,ENTREP1",0.823076923076923,0.7846153846153846
"CTXN1,EPHX2,CAV2",0.3076923076923077,0.8076923076923077
"SULT4A1,EEF1E1,RAB39B",0.8307692307692308,0.9384615384615385
"DIAPH2,PITHD1,PPP1R17",0.976923076923077,0.9615384615384616
"PHYHD1,SLC39A4,TRPV1",0.5153846153846153,0.5
"ENTPD4,ARL5B,HLA-DRB1",0.7846153846153846,0.6307692307692307
"FRAT2,ANXA2,SSPN",0.7538461538461538,0.6846153846153846
"MYH11,TUBB4A,PRC1",0.6692307692307692,0.9461538461538461
"PARD3B,PDLIM1,PDGFRA",0.7461538461538461,0.6153846153846154
"FEZF2,LAYN,HCCS",0.9692307692307693,0.9615384615384616
"PTHLH,TBC1D2B,NAP1L2",0.7307692307692307,0.32307692307692304
"TP53TG3,ITPRIPL2,HES4",0.16153846153846152,0.6923076923076922
"CYP46A1,CERS2,KLF12",0.11538461538461539,0.8461538461538461
"KCNA2,FOXO3B,WBP2NL",0.4076923076923077,0.8461538461538461
"GXYLT2,TFEC,ERV3-2",0.5,0.13846153846153847
"SMCHD1,MYH10,ENTPD2",0.7307692307692308,0.9
"ABCB1,CIBAR1,CYP4X1",0.6000000000000001,0.8615384615384616
"ASCC1,LOC101928817,CRNDE",0.7000000000000001,0.7076923076923076
"NACC2,MATN1-AS1,HLA-DRB1",0.3,0.6384615384615384
"PRICKLE1,AOPEP,CHODL",0.21538461538461537,0.7461538461538462
"HLA-DMB,GAP43,LOC728392",0.6,0.8923076923076924
"FAM110C,AKIRIN2,MATN2",0.9923076923076923,1.0
"ERAP2,TGM2,FBLN1",0.5,0.3269230769230769
"C8orf34-AS1,HLA-DQB1,EBI3",0.5,0.8307692307692308
"CBLN1,BAMBI,PRR5",0.3384615384615384,0.4538461538461539
"DNAH9,GNG5,SACS",0.7384615384615384,0.5538461538461539
"DCC,P4HA2,PLEKHG5",0.4538461538461538,0.3538461538461538
"FAM43A,PDIA3,ZNF678",0.5,0.7
"PDE10A,AGBL2,LBR",0.6,0.6307692307692307
"IL11RA,THOC3,TMTC4",0.8692307692307693,0.8615384615384616
"DMXL2,CPNE9,SNORC",0.823076923076923,0.8076923076923077
"SH3PXD2A,IFIH1,PTGR1",0.4076923076923077,0.9076923076923078
"OTX2-AS1,NOTCH3,ASS1",0.5,0.6692307692307693
"AIM2,RBM43,NT5DC2",0.6615384615384615,0.8923076923076924
"FHOD3,FIBIN,MFAP3L",0.7230769230769231,0.8692307692307693
"CAMK1,IL10RA,TMBIM1",0.8153846153846154,0.7846153846153846
"ABI3BP,VMP1,DSEL",0.7615384615384615,0.7230769230769232
"SPAG6,CSMD1,NAA16",0.2769230769230769,0.5076923076923077
"EPS8,CMTR2,KCNC1",0.38461538461538464,0.45
"RIPOR2,ADAMTS9-AS2,SLC7A2",0.4615384615384615,0.5
"TMTC1,NHLH2,RRP15",0.5538461538461539,0.7153846153846154
"RPAP3,TGM3,IL17RD",0.8692307692307693,0.7769230769230768
"MICU3,ECHDC2,CEP44",0.3846153846153846,0.7769230769230769
"LYSMD2,ZNF800,ROPN1L",0.7615384615384615,0.976923076923077
"LCP1,OPA1,RAC3",0.7,0.8923076923076924
"SCRT1,CAPZA2,GJB1",0.4538461538461538,0.43076923076923074
"TSPYL2,TXNIP,PCDHB4",0.46923076923076923,0.7153846153846152
"HYDIN2,GPR137C,ITGA4",0.6692307692307692,0.9538461538461539
"RAC2,DLX1,SLC6A9",0.7307692307692308,0.4615384615384615
"TTLL7,SLBP,RGS2",0.7538461538461538,0.9461538461538461
"NKX1-2,ZBED6,ATP6V0B",0.9,0.9307692307692308
"LINC01792,ITIH5,RIMKLB",0.573076923076923,0.3538461538461538
"KL,MAK,CPS1",0.39230769230769236,0.6000000000000001
"MCM7,UEVLD,VILL",0.22307692307692306,0.7230769230769231
"LPCAT2,CHST1,TTC39C",0.7076923076923077,0.49230769230769234
"ADAMTS9,TPRG1L,CPVL-AS2",0.9,0.8615384615384616
"PRPF18,IGFBP3,ENTPD3",0.8461538461538461,0.8846153846153847
"CRACD,TPTEP1,RASD1",0.5,0.8923076923076922
"KLHL13,SLIT3,NEK6",0.8538461538461538,0.8615384615384616
"PCDHAC2,RGCC,UBQLN1",0.7615384615384615,0.6076923076923076
"NAPB,ZNF519,BBOF1",0.8076923076923077,0.8769230769230769
"SERINC5,PHF20L1,THAP2",0.9153846153846154,0.9076923076923077
"ELMOD1,DCX,GRAMD2A",0.7000000000000001,0.6692307692307693
"LY75,NIPAL2,SYT7",0.8538461538461538,0.8846153846153846
"KBTBD3,COL15A1,ZNF804A",0.4269230769230769,0.6769230769230768
"GCLM,TMT1A,BCAN",0.5153846153846153,0.7076923076923077
"TESK2,TMEM63A,ZNF697",0.3307692307692308,0.38076923076923075
"PRICKLE2,JDP2,ZMAT1",0.6076923076923076,0.8
"IRAG1,PRPS1,HES4",0.676923076923077,0.7923076923076923
"SLC44A5,IL17D,TIMP4",0.2615384615384615,0.7538461538461538
"ADHFE1,POU3F1,GALNTL5",0.6269230769230769,0.8
"RABL2B,TMOD2,MCEE",0.6538461538461539,0.6923076923076923
"GPAM,SH3RF1,SYT4",0.8615384615384616,0.8923076923076922
"NIPSNAP2,GNB4,SALL1",0.4615384615384615,0.7076923076923076
"TIE1,HLA-B,LCOR",0.32307692307692304,0.8076923076923077
"SLC1A6,TBC1D12,CUEDC1",0.8461538461538461,0.8461538461538461
"HAUS6,BBS5,OCRL",0.7999999999999999,0.9230769230769231
"C12orf75,THOC7,SULF2",0.7307692307692308,0.8769230769230769
"CLHC1,CITED2,EEIG2",0.8538461538461538,0.8461538461538461
"VIM,APOC2,PCDH11X",0.4307692307692308,0.5
"CHGB,OPALIN,KLF10",0.8923076923076922,0.8615384615384616
"MIF,NHLH2,DEK",0.9538461538461538,0.9692307692307692
"AOPEP,BSCL2,LRRTM1",0.823076923076923,0.8615384615384616
"CEP192,BEND4,TMEM177",0.6076923076923076,0.6923076923076923
"NCF4,FBLN1,PPP3CA",0.3923076923076923,0.45
"TBC1D12,MSH6,SP100",0.5,0.7153846153846154
"NEAT1,ELAVL1,CMTR2",0.27692307692307694,0.3846153846153846
"SCG2,YWHAH,SART1",0.7923076923076924,0.9769230769230769
"DNAH11,LINC01106,MED29",0.9230769230769231,0.8307692307692308
"PPARGC1B,PLCL1,MSMO1",0.43076923076923074,0.8307692307692308
"NAPB,EYA4,HCG4",0.8923076923076922,0.8769230769230769
"CPNE4,TMEM150C,ZDBF2",0.8384615384615385,0.9692307692307691
"CTH,DGKI,LOC375196",0.7461538461538462,0.9384615384615385
"CLK1,ANAPC10,CARMIL2",0.5,0.8923076923076922
"ZDHHC3,LDB3,SNAPC3",0.8461538461538461,0.7769230769230768
"NOMO3,PRODH,IFI27",0.5307692307692308,0.7692307692307692
"ZC3HAV1L,THBS3-AS1,N4BP2L2",0.8076923076923077,0.9384615384615385
"TSPYL2,FAM3C,FAM53B",0.5846153846153845,0.7307692307692308
"TMEM150C,SPTLC2,ADAMTS9",0.5,0.8615384615384616
"MT1E,MRTO4,XPR1",0.9,0.8923076923076922
"HRH1,GFPT2,SLC38A11",0.5,0.38076923076923075
"AZGP1,ZNF204P,TTC39B",0.923076923076923,0.9230769230769231
"FAM201A,PRR5,RFPL3S",0.23076923076923078,0.9076923076923077
"TRAK2,LSM11,KCNIP2",0.823076923076923,0.6461538461538462
"ITGA2,CNTNAP4,MSX1",0.7307692307692308,0.06923076923076923
"HAT1,OLFM1,EGR4",0.8,0.7153846153846153
"NQO2,SLC22A4,RNF213",0.4615384615384615,0.36923076923076925
"FOXO3B,HS3ST1,KIFC2",0.3,0.8153846153846154
"CDR2L,TIAM2,SLC35F5",0.5076923076923077,0.45
"RAB3B,GSTT1,TTC29",0.5153846153846153,0.2153846153846154
"MIR34BHG,CDC42EP1,NCDN",0.9615384615384617,0.9384615384615385
"TUBB2B,ZDHHC11,PTPRG",0.7230769230769231,0.6538461538461539
"CAV2,SLA,CABP1",0.41538461538461535,0.7538461538461538
"GRIN2A,ARNT,RPL39L",0.7692307692307692,0.9538461538461538
"SAMHD1,RIMS4,EMP3",0.45384615384615384,0.8461538461538461
"CEBPD,KLHL29,SIKE1",0.7461538461538462,0.8384615384615385
"SMARCA1,WNK2,WDR7",0.9076923076923077,0.9153846153846154
"DBN1,KALRN,PNPT1",0.7846153846153846,0.9076923076923078
"SFRP1,DDR2,ITM2C",0.3769230769230769,0.9307692307692308
"EPS8,CHM,CERS2",0.7538461538461538,0.6692307692307693
"ATG4C,HS2ST1,TRAF5",0.5,0.7923076923076923
"NLGN4X,KCTD9,CNTN2",0.24615384615384614,0.5615384615384615
"GPC1-AS1,LINGO1,C11orf96",0.3076923076923077,0.8076923076923078
"ADGRB2,LOC729732,NSUN7",0.7461538461538462,0.6846153846153846
"GGH,ARPC1B,MT1E",0.6307692307692307,0.5307692307692308
"ZDBF2,MSC-AS1,PNPLA4",0.9769230769230769,0.9692307692307691
"CLEC4GP1,GABBR1,LINC00960",1.0,1.0
"PER3,BMPR2,GALNT4",0.8384615384615385,0.7384615384615385
"CARD8,LSP1P4,ALDH7A1",0.3076923076923077,0.6230769230769231
"MEF2C,RSPO2,SCN2A",0.9461538461538461,0.9846153846153847
"AQP1,SEMA5A,SALL3",0.5615384615384615,0.7692307692307692
"ICA1,ANKRD37,IL18R1",0.8538461538461538,0.8076923076923077
"COX11,RTBDN,SYNGR3",0.3384615384615384,0.8384615384615384
"AMY1A,ACKR3,RGS4",0.3769230769230769,0.8076923076923077
"TTC7B,TLCD1,ATOSA",0.7230769230769231,0.8846153846153846
"UNC5D,RBP4,CYFIP2",0.5538461538461538,0.5153846153846154
"LAMA5,EFCAB2,TBL1X",0.8461538461538463,0.9307692307692308
"BCL6,BAZ2B,PKD1P6-NPIPP1",0.46923076923076923,0.9153846153846154
"PPFIBP2,RAB33A,PFKM",0.9384615384615385,0.9076923076923077
"BTNL9,TTC8,BOC",0.8538461538461539,0.7615384615384615
"SCAI,CARMIL2,LPAR5",0.8153846153846154,0.8
"LINC01896,DNAH12,TM7SF2",0.38461538461538464,0.8692307692307693
"MYB,HIGD1B,GPNMB",0.35384615384615387,0.45
"MAFIP,FGF14-AS2,METTL21A",0.41538461538461535,0.7153846153846154
"BMP7,RNASET2,FAM72C",0.7153846153846154,0.5923076923076923
"TOB1,CALM3,NCOA7",0.7692307692307692,0.8307692307692307
"PTCHD1,SP1,GRHL1",0.8692307692307693,0.8615384615384616
"ADCY9,PER2,IGSF10",0.7,0.33461538461538454
"FCGR3B,PRSS35,LOC105375218",0.5230769230769231,0.8
"TMEM268,GBP3,CHSY1",0.7,0.46153846153846156
"UGT8,SNHG19,IKBKB",0.5576923076923077,0.6384615384615384
"HELLS,IRAK2,MLKL",0.5,0.7076923076923077
"B3GLCT,PPP1R3C,LINC02192",0.7538461538461538,0.6076923076923075
"ROR2,PNISR-AS1,TNS2",0.4769230769230769,0.46153846153846156
"C16orf89,RGR,GPR34",0.43846153846153846,0.36923076923076925
"KCNA2,EBP,PSRC1",0.8923076923076924,0.8384615384615385
"ITGB3BP,MEGF10,CRYM",0.8307692307692308,0.8153846153846154
"AP1AR,HIRA,APOC2",0.1769230769230769,0.7
"SRD5A1,NECAB2,GON7",0.6923076923076923,0.6846153846153846
"ORC5,RNH1,TUSC3",0.9230769230769231,0.9153846153846154
"DNAJB1,HSFY1,OLFML1",0.5,0.36923076923076925
"LITAF,GALNT18,ANKRD13C",0.9,0.8769230769230769
"TMEFF1,CHMP2B,BSG",0.2,0.9923076923076923
"PDE6B,MCTS1,SMAD5",0.6692307692307693,0.7153846153846154
"AQP9,NAPSB,SVIP",0.29230769230769227,0.3384615384615385
"NWD2,PCDHGB7,LANCL2",0.8153846153846154,0.8153846153846154
"SIGLEC10,GNA13,CYP27A1",0.3076923076923077,0.35000000000000003
"TRHDE,PLA1A,SRPX",0.6615384615384616,0.3076923076923077
"SLC13A3,HCCS,ZC3H12C",0.9692307692307693,0.9615384615384616
"CAPS,ARHGAP15,PSMA3-AS1",0.27692307692307694,0.7461538461538462
"GASK1A,P2RX5,CARD8",0.7153846153846154,0.9
"MEIS3P1,MRPL13,NPNT",0.6769230769230768,0.8923076923076922
"YAP1,ABCA1,H2AC18",0.45384615384615384,0.7307692307692308
"MOBP,CHML,MXD4",0.43846153846153846,0.34615384615384615
"TMEM144,CLEC4GP1,ATL1",0.7076923076923077,0.7307692307692307
"PLEKHF2,MMD,MYO1E",0.3,0.7384615384615385
"SLC6A11,MAGEE1,EMILIN1",0.3384615384615384,0.18461538461538463
"GPX8,RNF157-AS1,TEX9",0.4846153846153846,0.4846153846153846
"TRMT10A,SGSM1,KCNAB2",0.7692307692307693,0.6384615384615385
"CD69,DIPK2A,MAL",0.5,0.8076923076923077
"NETO2,UAP1L1,CTPS2",0.8692307692307693,0.9076923076923077
"SH3D19,ARHGDIG,CCR1",0.7692307692307693,0.6692307692307693
"SGSH,CDK5,FAM124A",0.8461538461538463,0.8153846153846154
"MMP16,PPP1R1A,SRSF12",0.7384615384615385,0.9769230769230769
"ALG14,PSMB8,GJB6",0.676923076923077,0.5846153846153846
"STK3,LURAP1L-AS1,SMIM10L2A",0.18461538461538463,0.7846153846153847
"GNPTAB,LOC102724965,CGREF1",0.8076923076923077,0.7692307692307692
"SP100,SYT5,SOD2",0.5384615384615384,0.8307692307692308
"TMEM178B,GRM3,KREMEN1",0.9307692307692307,0.8846153846153846
"C10orf90,PABPC1L2B,FAM53B",0.4769230769230769,0.29230769230769227
"LRTM2,ATG4C,LOC105371472",0.6461538461538461,0.2538461538461538
"TGFA,SUCLA2,SNX32",0.7,0.8153846153846154
"DNAJC5,RPL39L,PRKCE",0.9461538461538461,0.9461538461538461
"ZNF488,BABAM2-AS1,ADA",0.2269230769230769,0.7461538461538462
"TMEM200B,CCL4,ITPRID2",0.46923076923076923,0.6461538461538462
"MIR9-2HG,SLC2A10,ZCCHC2",0.4153846153846154,0.8846153846153846
"GREB1,GDAP1L1,CAMSAP3",0.9307692307692307,0.9538461538461538
"PHACTR1,ANKRD9,LURAP1L",0.7846153846153846,0.7923076923076924
"SREBF1,PARP4,SLC2A14",0.6307692307692307,0.45
"MIR100HG,RPS6KA6,SSPN",0.3692307692307692,0.9307692307692308
"EML2,USP3,ADCY8",0.09615384615384615,0.8923076923076922
"CD74,LYVE1,ENPP5",0.6,0.5
"MICB,HEPH,SIDT1",0.676923076923077,0.3076923076923076
"CPT1A,PLXND1,POU3F2",0.46923076923076923,0.16923076923076924
"PHEX,GARRE1,LOC102724965",0.8076923076923077,0.5692307692307692
"EPHA3,DNAL4,UBE2J1",0.5615384615384615,0.5307692307692308
"MAU2,TAS2R14,GLCE",0.9153846153846155,0.9076923076923077
"INPP4A,LOC105379173,PAK1",0.9538461538461538,0.9153846153846154
"LMTK3,MFAP3L,SNX6",0.13076923076923075,0.823076923076923
"SP110,LGALS3BP,BABAM2-AS1",0.5692307692307692,0.7461538461538462
"DNAH7,SLC13A4,BEX4",0.8692307692307693,0.7461538461538462
"PWAR5,FLT1,PRPS2",0.5230769230769231,0.5461538461538461
"ECHDC3,PLD1,MRFAP1L2",0.8923076923076922,0.8923076923076922
"SYTL4,CCDC106,CDK5",0.823076923076923,0.7846153846153846
"YBX3,CALM3,SNX6",0.8615384615384615,0.823076923076923
"LOC101927268,VCPKMT,SLC25A33",0.7384615384615385,0.8692307692307693
"PAN2,NAPEPLD,KIFC2",0.3230769230769231,0.9
"ADGRL2,AK5,CLMP",0.7000000000000001,0.32307692307692304
"PPIL4,DLGAP3,ERC2",0.8692307692307691,0.8461538461538461
"MOSPD2,DOK3,CNGA3",0.8076923076923077,0.8769230769230769
"KCNN3,ARMT1,HHEX",0.7153846153846154,0.7000000000000001
"GLT8D2,YBEY,BCOR",0.5,0.6615384615384616
"TMEM272,STAT3,DAB1",0.3307692307692308,0.4
"SPRY4,BTN3A3,BMS1P1",0.4076923076923077,0.45
"LINC00537,RORA,GNPTAB",0.3153846153846154,0.6692307692307692
"MMP17,S1PR3,DLEU2",0.4615384615384615,0.7000000000000001
"NDUFAB1,CLTRN,FGF12",0.7846153846153846,0.823076923076923
"MTUS1,DCN,TMC6",0.10769230769230767,0.876923076923077
"LOC105378231,GOLGA8A,LOC105373418",0.8230769230769232,0.8538461538461539
"RGS5,GPD1,LANCL1",0.38461538461538464,0.8692307692307691
"MT1H,PTER,ZNF702P",0.8846153846153846,0.8538461538461538
"MYRF,UPP2,GPC1-AS1",0.19230769230769232,0.7307692307692308
"MYO6,HAPLN4,FCGR2A",0.7846153846153847,0.676923076923077
"PODXL,PLXDC2,IKZF5",0.5,1.0
"FBXO2,PPM1E,C12orf75",0.6,0.3076923076923077
"AASDH,CBX6,GHR",0.9461538461538461,0.9846153846153847
"SMC5,C5orf64,GATAD1",0.6000000000000001,0.8076923076923077
"ADD2,TMEM150C,RSPO3",0.8692307692307691,0.8461538461538461
"KIAA1755,DUSP14,NR2F2",0.5230769230769231,0.39230769230769225
"ZNF385D,PTPRB,CSF2RB",0.5076923076923077,0.16153846153846155
"CHMP2B,KRTAP5-AS1,MAST1",0.3153846153846154,0.9846153846153847
"ARHGAP15,SGK1,SLC2A3",0.7461538461538463,0.6615384615384615
"TTLL7,RSPO3,NAPB",0.8923076923076922,0.9076923076923077
"FCGR1BP,LGALS3BP,PTPN20",0.5846153846153846,0.5
"MOBP,CSF3R,CDC14B",0.4076923076923077,0.7076923076923077
"RNF208,DNAJC6,ERBIN",0.7615384615384615,0.7769230769230769
"ACVR1,RBM11,NDUFAF6",0.8923076923076922,0.8769230769230769
"LYSMD2,MED12L,LOC389834",0.7615384615384615,0.7769230769230769
"KCNG3,TBC1D1,SEMA3C",0.6846153846153846,0.7153846153846154
"CD53,SACS,BSN",0.8384615384615385,0.8307692307692307
"GPR4,PBX3,MAN1A1",0.5,0.7230769230769231
"SGPP2,NEXMIF,MATN1-AS1",0.43076923076923074,0.7000000000000001
"LOC105376387,ECM2,TTLL11",0.6000000000000001,0.15384615384615385
"HSPA4L,CAPZA2,OLFM2",0.5615384615384615,0.5692307692307692
"BCR,VWA1,ANKRD10",0.8538461538461538,0.9076923076923078
"THRB,SWAP70,LRRTM4",0.6153846153846154,0.6615384615384616
"ZNF827,HLA-DRA,PHYH",0.8846153846153846,0.8692307692307693
"MFNG,AGMAT,PAK5",0.4461538461538461,0.8307692307692307
"CHD5,TMEM87A,CPVL",0.5307692307692308,0.6923076923076923
"ZBBX,C11orf96,PTPRD-AS1",0.07692307692307691,0.823076923076923
"SULT4A1,PLEKHH2,SNHG19",0.923076923076923,0.9384615384615385
"TTC29,NOMO3,LOC105372733",0.6846153846153846,0.7692307692307692
"ABCB10,ZNF503,SLC44A1",0.4615384615384615,0.9615384615384616
"SYNJ1,FTCDNL1,SORCS1",0.8076923076923077,0.7153846153846155
"ABI3BP,SLC1A3,NBL1",0.23846153846153842,0.7
"G3BP2,SMCO4,GAB1",0.7923076923076923,0.7230769230769232
"NCS1,APBB1IP,CAMK4",0.8846153846153846,0.9923076923076923
"SLC16A6,MLF1,ZNF652",0.6307692307692307,0.8692307692307693
"HBB,CDC37L1,LURAP1L",0.6692307692307692,0.6846153846153846
"DNM2,TNFAIP6,LIAT1",0.23076923076923073,0.7461538461538462
"MAOB,CFAP53,RNASE6",0.23846153846153845,0.823076923076923
"CSMD3,LINC02192,LOC497256",0.8538461538461538,0.5769230769230769
"ADGRA1,ULK2,NEFH",0.6076923076923078,0.7846153846153846
"THSD7A,CDC14B,DOK7",0.6461538461538461,0.7153846153846153
"MCOLN3,INTU,CLIC6",0.6230769230769231,0.8307692307692308
"ZNRF1,ZNF658,IGF2",0.1923076923076923,0.7923076923076923
"GRP,SLC25A27,CFAP52",0.5153846153846154,0.6076923076923078
"KCNQ4,FOLH1B,RAB6B",0.8307692307692307,0.8384615384615385
"IGFBP7-AS1,P3H2,CNGB1",0.13076923076923078,0.8769230769230769
"MACO1,SPINT2,INA",0.8846153846153846,0.8307692307692307
"TMEM178A,SOX9-AS1,GBP2",0.9384615384615385,0.9384615384615385
"C2CD2,SLITRK3,CBFA2T3",0.8692307692307693,0.8307692307692308
"HUNK,CENPVL2,RAB3C",0.8307692307692307,0.6923076923076923
"IL18R1,FLCN,GLT1D1",0.8153846153846154,0.7615384615384616
"MIR646HG,KIT,CACNA1H",0.36153846153846153,0.11538461538461539
"LOC105377223,C1GALT1,NR1D2",0.7653846153846154,0.3384615384615385
"CMSS1,TRIP10,FZD1",0.7692307692307693,0.7538461538461538
"GRIK2,DDIT4L,TRAPPC2B",0.8923076923076924,0.8692307692307693
"EFHB,HS3ST4,SGK3",0.5615384615384615,0.7
"FRMD6,PAPSS2,EPS8",0.7076923076923077,0.4923076923076922
"RRN3P2,ANKRD6,CARD16",0.7384615384615385,0.6153846153846154
"KLRC3,RTN1,MLC1",0.4153846153846154,0.8384615384615385
"CPNE9,CNIH2,PROS1",0.34615384615384615,0.8615384615384615
"ADD2,CPNE2,CDC20",0.8769230769230769,0.8461538461538461
"NOTCH3,CYP46A1,AZU1",0.12307692307692308,0.8615384615384616
"ADH1B,MRAS,BCR",0.8461538461538463,0.823076923076923
"BCAS1,DNAJB6,SLC30A10",0.4692307692307693,0.45
"CAPN15,SAP30,SMC4",0.27692307692307694,0.8846153846153846
"KCNE4,PRKCQ,NFE2L2",0.2230769230769231,0.9846153846153847
"CSRNP2,RNF141,BTG3-AS1",0.8307692307692307,0.7846153846153847
"EMC2,MCF2,SYTL1",0.9461538461538461,0.9384615384615385
"ANOS1,SORBS2,KCNN1",0.23076923076923078,0.3307692307692308
"BDNF,MVB12B,ZDHHC11",0.6461538461538461,0.7230769230769231
"PKP4,TPI1,ME3",0.8846153846153846,1.0
"PYCARD,KCNG3,PRR36",0.7538461538461538,0.6923076923076923
"STIP1,CDC42BPA,SNCB",0.8846153846153846,0.8384615384615385
"SEZ6L,GPX8,SFXN1",0.676923076923077,0.5
"BAIAP2,LOC105377223,TPPP",0.8692307692307693,0.8384615384615385
"DYNLT5,DPYSL5,OCRL",0.8,0.7461538461538462
"TNS1,AP1G2,LIX1",0.3153846153846154,0.2153846153846154
"APLNR,ITGA6,DNAJC12",0.6076923076923078,0.38076923076923075
"L3HYPDH,PAPSS2,RAP1GAP",0.1769230769230769,0.8
"PIK3IP1,SH3RF1,LOC100505874",0.24615384615384614,0.6076923076923076
"HIC1,NFU1,ADCY2",0.6615384615384615,0.8307692307692307
"KCNIP1,EVA1C,FAM81B",0.2846153846153846,0.3538461538461538
"GIMAP2,NDUFAF5,LOXL2",0.9538461538461539,0.9307692307692307
"OMD,TPM4,ANP32A-IT1",0.5230769230769231,0.36923076923076925
"TTN,TUBE1,RNF130",0.6115384615384616,0.46153846153846156
"FAM43A,PCDH9,IFI30",0.6615384615384615,0.7923076923076923
"PSAT1,STUM,NPTX2",0.8076923076923077,0.8
"CPT1A,ASS1,COL9A1",0.3384615384615384,0.6846153846153845
"MCHR1,SOCS7,IL1RL1",0.5692307692307692,0.5
"RNF19A,CDH6,DOCK10",0.2230769230769231,0.9230769230769231
"MSMO1,NETO1,KRT17",0.8769230769230769,0.8769230769230769
"FEZF2,TXNIP,SLC1A3",0.25384615384615383,0.11538461538461539
"PKNOX2,SOX2-OT,TSPAN8",0.3923076923076923,0.46153846153846156
"CTPS2,SV2B,PCSK2",0.9384615384615385,0.9538461538461538
"SERPINA3,OSMR,ABHD17B",0.6153846153846154,1.0
"LAMP5,CDC7,TUBB4A",0.42307692307692313,0.9692307692307693
"PDE6B,DACH2,HPR",0.7,0.6692307692307693
"YEATS4,SPEN-AS1,SLC13A4",0.7307692307692307,0.7846153846153847
"MAP4K5,PPFIBP1,LMCD1",0.5769230769230769,0.823076923076923
"OSBPL11,PPP1R13L,AIF1L",0.32307692307692304,0.7
"FAM216A,CHI3L2,CD302",0.7846153846153846,0.7230769230769231
"HECW2,LOC101928335,PRSS23",0.43076923076923074,0.29615384615384616
"LTBP1,EFCAB7,ATP7B",0.6923076923076923,0.7076923076923076
"PLEKHH2,PGM2L1,GDF15",0.7538461538461538,0.6615384615384615
"RAP1GAP2,CCEPR,GABRB2",0.3846153846153846,0.8384615384615385
"DGKZ,LLGL1,LUZP2",0.5538461538461539,0.8999999999999999
"LINC00877,NHS,TNFRSF10D",0.5,0.6692307692307692
"GDA,PPM1K-DT,MAP4K3-DT",0.34615384615384615,0.9692307692307692
"SEPTIN10,TAGLN,CD74",0.32307692307692304,0.4
"TUBB4B,RGS20,LINC02984",0.9384615384615385,0.9461538461538461
"LEAP2,GLRX,MIDEAS-AS1",0.8615384615384616,0.7923076923076923
"LINC01896,TMC6,ZFTA",0.3076923076923077,0.3230769230769231
"MSH2,BCL2A1,PBXIP1",0.6923076923076923,0.7
"LRRC32,IFT74,BEAN1",0.6076923076923076,0.5692307692307692
"PRLR,GRIK2,PXDN",0.8692307692307691,0.8615384615384616
"CTSV,HSPB6,CALCRL",0.8,0.8
"ITCH,PRXL2A,ASPH",0.4461538461538461,0.26923076923076916
"PRTFDC1,AIF1L,GNG5",0.5461538461538462,0.5
"PIRT,PLOD2,MAP3K8",0.7538461538461538,0.6846153846153846
"ATP2B1-AS1,PELI1,C1R",0.5653846153846154,0.4769230769230769
"PDIA3,DNAI2,MCL1",0.6384615384615384,0.8769230769230769
"TRNP1,TOB1,ZBED6",0.45384615384615384,0.8384615384615385
"HOXD1,RGS7BP,WDR49",0.06923076923076923,0.9384615384615385
"PKD1P6-NPIPP1,SPACDR,PPP1R37",0.25384615384615383,0.8923076923076924
"KLHL23,PDCD6-AHRR,SLITRK5",0.7,0.5923076923076923
"C2CD2,TNS1,CERS2",0.2846153846153846,0.6615384615384614
"PIANP,APOLD1,CTH",0.3153846153846154,0.8999999999999999
"FXR1,GUCY1A1,KDM6B",0.9846153846153847,0.9846153846153847
"IQSEC3,CLN8,GIMAP7",0.4653846153846154,0.8153846153846154
"MKNK2,INA,SNTB2",0.8692307692307693,0.8615384615384616
"LINC00963,SIRPB2,ABCD2",0.5,0.3653846153846153
"NLRP2,MLIP,PFKFB3",0.6384615384615384,0.6846153846153846
"LRRC4,BOC,XPNPEP3",0.676923076923077,0.5230769230769231
"GSTT2,SNAI2,AFF1",0.623076923076923,0.5846153846153846
"B3GALNT1,TSIX,GSPT2",0.8,0.7307692307692307
"SLA,RALGDS,NFKB2",0.6000000000000001,0.4153846153846154
"TCF7L2,MPPED2,NT5DC1",0.7615384615384615,0.6615384615384615
"LOC105373942,ROGDI,TRIM59",0.7538461538461538,0.8615384615384616
"TSPAN11,FOSL1,LY96",0.32307692307692304,0.7999999999999999
"LITAF,RIT2,SEPTIN6",0.7692307692307693,0.7692307692307693
"ITPKA,ARX,PYGM",0.49230769230769234,0.40769230769230763
"RASSF8-AS1,B3GLCT,CC2D2A",0.6000000000000001,0.6923076923076923
"ADARB1,MAOB,TPD52",0.8384615384615385,0.9538461538461538
"ZFPM2,CREB3L2,SOX9",0.3923076923076923,0.8384615384615385
"CFHR1,EOLA2,IL6R",0.923076923076923,0.9076923076923077
"IGFBP2,TRIM13,TRIB1",0.45384615384615384,0.7230769230769232
"STON2,CPNE6,NCS1",0.2692307692307692,0.9923076923076923
"ENPP4,ATP7B,ABCG1",0.7846153846153846,0.7461538461538462
"FREM2,CFAP95,CEP152",0.4192307692307692,0.7000000000000001
"FMNL2,CH25H,CLEC2B",0.5153846153846153,0.5
"NFATC2,LAMP5,ASAH2B",0.8846153846153846,0.7846153846153846
"MANEA,HIF3A,SMCO4",0.7230769230769231,0.7
"ELOVL7,KCNC1,FNTB",0.4461538461538462,0.5
"HAT1,CA12,KCNJ3",0.43076923076923074,0.7384615384615385
"BBS12,SCN2A,PRPS2",0.9153846153846155,0.8692307692307691
"SLC43A3,ISG15,CYP1B1",0.8153846153846154,0.9615384615384615
"NXPH1,DNAAF3,SHANK1",0.7,0.9307692307692307
"SPATA6,KLF6,TRIM59",0.3307692307692308,0.8769230769230769
"TMEM150C,G3BP2,TMEM191A",0.7923076923076923,0.7076923076923077
"EHD3,SMAP1,SERTAD4-AS1",0.9153846153846155,0.9153846153846155
"NEFL,PLCB4,LSP1P4",0.7692307692307692,0.5692307692307692
"SYT4,HYCC2,ENDOD1",0.9076923076923077,0.9384615384615385
"RAB38,RFLNB,CDS1",0.823076923076923,0.7846153846153847
"USP53,FAM216B,PDE11A",0.7307692307692308,0.6153846153846154
"TMEM177,ACOX2,ENTREP2",0.6461538461538461,0.7230769230769231
"TMEM125,PDIA3,EPHA3",0.6307692307692307,0.6153846153846154
"PAQR9,NABP1,RBBP5",0.8153846153846154,0.7307692307692308
"PIK3C2A,BLID,CNDP1",0.6230769230769231,0.6
"SELENOT,RIDA,F11R",0.7846153846153847,0.8846153846153847
"BEX5,PSMA3-AS1,CDH6",0.7153846153846154,0.6153846153846154
"ID1,ANKRD45,CSTA",0.3,0.5230769230769231
"TGFB1I1,LGR6,GRSF1",0.36923076923076925,0.7384615384615385
"VWF,CFAP44,ANKRD36",0.5,0.7461538461538462
"SNHG1,NUPR1,PRKAR2B",0.5346153846153846,0.7461538461538462
"SLIT1,ZNF117,PRKAA2",0.8846153846153846,0.9307692307692308
"PXYLP1,ZFAND2A,RNASE1",0.976923076923077,0.976923076923077
"ROBO2,SLC6A20,CABP7",0.6461538461538461,0.11538461538461538
"TET3,THEMIS2,NSG1",0.9153846153846154,0.8
"KLF10,SYN1,AMY1A",0.8307692307692307,0.8
"NUCB2,KCNC4,CELF5",0.4769230769230769,0.5
"PELI1,RSF1,PXDN",0.9230769230769231,0.9076923076923078
"GRM5,HAT1,SLC26A4-AS1",0.5230769230769231,0.7769230769230769
"HLA-DPA1,LRRC1,TESC",0.7076923076923076,0.25384615384615383
"CHRM1,SEC23IP,KLHL21",0.8307692307692308,0.7923076923076923
"TAP1,SCOC,PDE10A",0.7846153846153846,0.7846153846153846
"TSTD1,JAG1,DENND3",0.5923076923076922,0.8153846153846154
"EID2B,CDH4,CIT",0.6153846153846154,0.5384615384615384
"GPRASP2,MORC4,CCT6B",0.8769230769230769,0.8076923076923077
"ZSWIM7,ARHGAP6,SIAE",0.4307692307692308,0.8538461538461538
"GPC4,MAGED1,ID2",0.8692307692307693,0.8846153846153846
"SNHG17,PIK3R3,TAF13",0.5,0.7461538461538462
"RBM43,SPATA18,ZDHHC20",0.5230769230769231,0.6615384615384616
"EML2,CASP1,KIFAP3",0.8692307692307693,0.8384615384615385
"FAM83H,MSN,VSTM2L",0.26153846153846155,0.7384615384615385
"PHLDB2,MEIS3,PPP1R9B",0.23076923076923075,0.7307692307692307
"GLUD1,RADX,USP40",0.36153846153846153,1.0
"CUTALP,CRIM1-DT,FNBP1L",0.3846153846153846,0.6076923076923076
"CDHR1,PWWP3B,BOK",0.8384615384615384,0.8
"LOC101930421,CCDC81,BTBD3",0.7384615384615384,0.7538461538461538
"ARHGAP32,PCSK5,PDLIM3",0.34615384615384615,0.9538461538461539
"TAFA1,S100B,KCNAB2",0.6461538461538461,0.8307692307692307
"FAM163B,H4C5,LIPT1",0.46923076923076923,0.5
"MCUB,GYG2,OXCT1",0.8076923076923077,0.7769230769230769
"ARHGAP20,PPP1R3C,LIPE",0.7461538461538462,0.7307692307692307
"SHISA2,DOCK11,NXT2",0.6,0.7769230769230769
"XBP1,PHKA1,NAP1L5",0.8,0.8384615384615385
"NUDT10,WFIKKN2,MTHFD2",0.32307692307692304,0.4153846153846154
"ABHD17B,TEX26,TMEM38A",0.8076923076923077,1.0
"IL13RA2,DIPK2A,ELOVL7",0.35384615384615387,0.6307692307692307
"ECPAS,PRR5L,NPC1",0.6,0.16153846153846155
"CMIP,ZFHX4-AS1,HSD17B6",0.0,1.0
"LINC00880,F12,PCDHB4",0.5692307692307692,0.46153846153846156
"IQSEC3,WASIR2,TLCD3A",0.4923076923076923,0.5692307692307692
"AKAP5,SMC3,TMTC4",0.41538461538461535,0.9769230769230769
"FAH,LINC01354,SLCO4A1",0.3769230769230769,0.6230769230769231
"PITHD1,SCAF11,MSH5",0.8923076923076924,0.9538461538461539
"TUBB2A,F3,KITLG",0.8307692307692307,0.6923076923076923
"FECH,CGREF1,GP1BB",0.823076923076923,0.8692307692307693
"ETNK1,KCNH8,STK26",0.7153846153846154,0.5538461538461539
"NIBAN1,AQP1,NKIRAS1",0.8769230769230769,0.8615384615384616
"RABL2B,APCDD1,TMEM30A",0.39999999999999997,0.6230769230769231
"PRCD,GPR176,PNMA6A",0.5923076923076923,0.5076923076923077
"HOPX,PLXNB2,IFI16",0.8692307692307691,0.823076923076923
"SNORD104,ETV3,SNPH",0.8307692307692307,0.6692307692307693
"PCDHGA11,FOSB,AK9",0.23076923076923075,0.8615384615384616
"JADE2,MAGEE2,LGR6",0.44999999999999996,0.35
"DNAJC6,ZFHX4-AS1,FAR1",0.7923076923076923,0.7615384615384615
"SMOX,SPAG17,BOLA2-SMG1P6",0.7384615384615384,0.7153846153846154
"HEPH,C14orf132,SH3GL2",0.8846153846153846,0.8769230769230769
"CEROX1,SLC48A1,RAB30",0.3384615384615385,0.3384615384615385
"OTUD7A,ANKRD34C,OGDHL",0.9461538461538461,0.8538461538461539
"ADORA2A,PRICKLE2,KCNK12",0.6384615384615384,0.7538461538461538
"DMTN,MYLIP,ANTXR2",0.13846153846153847,0.9692307692307691
"EMP3,CRIM1-DT,CLDND1",0.5384615384615384,0.18461538461538463
"PAQR4,NDUFAF6,STIM2",0.8923076923076922,0.8538461538461539
"ANP32A-IT1,MEX3C,TNNT1",0.6384615384615384,0.7230769230769231
"ZNF826P,EFNA1,PTGS2",0.5,0.823076923076923
"RBP1,DOCK3,TTLL7-IT1",0.8846153846153846,0.8461538461538463
"LPAR1,RAP2B,GAD2",0.5769230769230769,0.5
"PTPN21,SPATS2,ALOX15B",0.5076923076923077,0.8615384615384616
"FCGR1BP,ZFY,PTPRT",0.6230769230769231,0.1923076923076923
"CFAP45,C1QBP,HAGLR",0.7,0.6384615384615384
"SGSH,PERP,TIMP4",0.5,0.46153846153846156
"PALMD,ALDH1A1,ASIC2",0.8615384615384616,0.8692307692307693
"SMPX,TMBIM1,PSEN1",0.2692307692307692,0.776923076923077
"CCDC81,SDC3,ZEB2",0.4307692307692308,0.5
"LOC105371352,PTX3,LOC101928335",0.676923076923077,0.49230769230769234
"SMTN,FBLN7,S100B",0.3846153846153846,0.8307692307692309
"PPEF1,NADK2,ZNF366",0.9692307692307692,0.9769230769230769
"TESC,SGK1,PSMB9",0.7153846153846154,0.7230769230769231
"HINT3,GTF2I-AS1,ARHGAP32",0.5,0.4230769230769231
"ZNF365,WDR5B,LOXL1",0.9076923076923078,0.8846153846153846
"IGHG3,PGAP1,CEBPZOS",0.5846153846153845,0.7846153846153846
"SNN,RGS7BP,HBEGF",0.04615384615384615,0.9615384615384615
"ZBTB47-AS1,CYTL1,CNTN2",0.5,0.9692307692307691
"DTHD1,SNORD114-3,UPP2",0.46923076923076923,0.7076923076923076
"LMBR1,IPCEF1,PGM2L1",0.7692307692307692,0.5615384615384617
"LURAP1L,ADAMTS9-AS2,RNF217",0.5153846153846153,0.3846153846153846
"CBFB,ADORA2A,CAMK2B",0.8923076923076924,0.8538461538461538
"TBC1D19,ADAMTS8,MNS1",0.6846153846153846,0.8769230769230769
"TMC7,ANKS1B,UMAD1",0.07692307692307693,0.976923076923077
"ZSCAN16,ZDHHC23,HIBCH",0.8692307692307693,0.8384615384615385
"SLC27A3,C8orf88,PLXNC1",0.6846153846153846,0.6307692307692307
"LRRC7,CENPVL2,ZNF24",0.6923076923076923,0.6923076923076923
"ZFHX4-AS1,B4GALNT1,CTSC",0.7076923076923077,0.8307692307692308
"KCNC4,KCNK9,ATP2B1",0.41538461538461535,0.6461538461538461
"CIT,NDUFAF4,UICLM",0.7307692307692307,0.6461538461538461
"DEPDC7,KCNC3,OLFM2",0.3,0.6076923076923078
"TMT1A,MPPED2,LRP10",0.7,0.7846153846153846
"RAB29,GPX8,ABCG4",0.1769230769230769,0.7923076923076923
"RASL10A,F11R,KAZN",0.2230769230769231,0.8615384615384616
"CHN2,VPS13B,SP100",0.36153846153846153,0.7769230769230769
"CD55,PAK5,MORC4",0.15384615384615383,0.8384615384615384
"JPX,MAPRE3,S100A11",0.6615384615384615,0.9461538461538462
"COL2A1,QPCT,LINC00641",0.6153846153846154,0.5692307692307692
"SPARC,CNTNAP2,SEC23A",0.6615384615384615,0.3846153846153845
"SLC16A7,KRTAP5-AS1,PTPRN2",0.5692307692307692,0.9384615384615385
"ABCA4,MMP9,CALB1",0.6769230769230768,0.3538461538461538
"CAMK4,MYO5A,ROBO4",0.8,0.8615384615384616
"AP1G2,EIF1AY,TESK2",0.2846153846153846,0.6307692307692307
"SLC39A14,LOC107984035,PTDSS1",0.7461538461538462,0.8538461538461539
"CNTNAP3,AMY1A,MAP2",0.4230769230769231,0.8076923076923077
"SNHG9,CBFA2T3,SYNC",0.3384615384615384,0.6692307692307692
"NEDD4L,MFSD1,PSEN1",0.8538461538461538,0.8076923076923077
"DAPK2,HES1,DYSF",0.5153846153846153,0.2153846153846154
"SSBP3,CALHM6,MAP3K5",0.40769230769230774,0.23076923076923073
"LYVE1,IGFBP7-AS1,DYDC2",0.44999999999999996,0.38076923076923075
"NMNAT2,IGF1R,CSTA",0.9076923076923077,0.8615384615384615
"C11orf54,CAPN15,CMPK2",0.26153846153846155,0.5461538461538462
"LXN,MCHR1,GULP1",0.5538461538461539,0.5
"ZNF710-AS1,SLC24A2,IGSF9B",0.2076923076923077,0.7384615384615385
"UGCG,MLLT11,LCN12",0.846153846153846,0.7384615384615385
"NGB,EVA1C,TRHDE",0.6615384615384615,0.423076923076923
"SMAP2,HYAL1,MARCHF4",0.8461538461538461,0.8384615384615384
"PPFIA1,BHMT2,TTYH2",0.4923076923076923,0.5
"BDH2,LMO4,SYNDIG1L",0.1923076923076923,0.7461538461538463
"RHBDL2,B4GALNT1,GABRB1",0.7076923076923077,1.0
"RIMS1,SPSB1,CNTF",0.7846153846153846,0.7153846153846154
"PRKAG2-AS1,GRIN2D,IP6K3",0.43076923076923074,0.5307692307692307
"TNNT1,LRRN2,SYTL1",0.3153846153846154,0.6230769230769231
"MAP3K11,KBTBD3,POPDC3",0.6692307692307693,0.7615384615384615
"MYL9,YJEFN3,FIGN",0.8461538461538461,0.7615384615384615
"KALRN,CEP19,LYZ",0.7846153846153846,0.6615384615384615
"NOMO1,GPT2,DPY19L3",0.9307692307692308,0.9153846153846155
"FUNDC1,MSC-AS1,TMC6",0.8230769230769232,0.8153846153846154
"GPR17,NKAIN2,FAM106A",0.8615384615384616,0.7307692307692307
"ACTN2,SLC44A2,UAP1",0.8307692307692307,0.7000000000000001
"LYPLAL1,ETS1,DCK",0.13076923076923078,0.8692307692307693
"IMPACT,NUTM2A-AS1,JAZF1-AS1",0.7307692307692307,0.6538461538461537
"CSGALNACT1,NEDD9,MREG",0.41538461538461535,0.38076923076923075
"CHRM3,LINC01094,NT5DC2",0.7076923076923076,0.4692307692307692
"PLEKHF2,CCDC136,SPAM1",0.1846153846153846,0.8923076923076922
"ADA2,CLHC1,SYNGR1",0.8307692307692307,0.8153846153846154
"SLC16A14,GON7,PCDH10-DT",0.9615384615384616,0.9538461538461538
"LOC101929748,ZNF652,OMG",0.5384615384615384,0.823076923076923
"TBC1D2B,ACSL1,NFU1",0.7846153846153845,0.8076923076923077
"CRACD,ARHGAP42,SYNC",0.3384615384615384,0.25384615384615383
"DIAPH2,LURAP1L,CDCA7",0.5615384615384615,0.31153846153846154
"CFAP74,ARRB2,FBXL2",0.676923076923077,0.7
"WBP2NL,APP,RNF180",0.17692307692307693,0.9846153846153847
"ABCC8,PSD2,WWTR1",0.3846153846153846,0.23076923076923073
"TPST1,IKZF5,MRPL37",0.8692307692307691,0.8307692307692307
"ERMP1,WBP2NL,TCIRG1",0.45384615384615384,0.9
"IMPACT,TGFB2,NEDD4L",0.5307692307692307,0.8
"ERVK3-1,ZDHHC23,AXL",0.8,0.8384615384615385
"CEMIP2,DLG3,HHATL",0.9230769230769231,0.8615384615384616
"SNHG1,SNORD104,KCNV1",0.9730769230769231,0.9384615384615385
"KCND2,KNDC1,FAM83H",0.5615384615384615,0.7384615384615384
"CDH4,MTHFD1L,BAGE2",0.7692307692307692,0.6076923076923078
"NUP58,FCGRT,TMEM35A",0.6384615384615384,0.6461538461538462
"TAGLN,ZDHHC23,B3GNT5",0.8692307692307693,0.8384615384615385
"GABRD,CC2D2A,FOXD1",0.7,0.6230769230769231
"LINC00632,SLC7A8,PTPN6",0.25384615384615383,0.8846153846153846
"DACH1,OR7E14P,SRGN",0.6230769230769231,0.4923076923076923
"CRYZ,DCLK1,TMEM144",0.5538461538461539,0.8153846153846154
"CACNB1,RGS16,PCNX2",0.8076923076923077,0.9923076923076923
"KLF10,STXBP6,GAD2",0.5692307692307692,0.5
"LINC01792,HBD,AZGP1",0.6230769230769231,0.4
"NOTCH2,SILC1,RAB11B-AS1",0.39999999999999997,0.7692307692307692
"CCDC81,SCAF11,PSD2",0.1769230769230769,0.9076923076923077
"HSPA1B,GBE1,SWAP70",0.6846153846153846,0.9153846153846154
"RBM43,TBX2-AS1,ERGIC1",0.6,0.7615384615384615
"DDHD1,DNAJB6,SLCO1C1",0.8384615384615385,0.7461538461538462
"CPNE4,GCAWKR,DNAJC5",0.9307692307692307,0.9461538461538461
"PABPC1L2B,MAML2,DGKQ",0.5384615384615384,0.5
"PALD1,FA2H,LIPA",0.4461538461538461,0.8461538461538461
"SESN2,CFAP54,PTAFR",0.4846153846153846,0.9538461538461538
"MYPOP,YEATS4,AKAP5",0.5,0.5615384615384615
"FPGT,SALL3,ZNF827",0.5923076923076923,0.8846153846153846
"UBE2K,C8orf34-AS1,GABRG2",0.8769230769230768,0.8384615384615385
"NCALD,NT5DC3,ACSBG1",0.8846153846153846,0.8384615384615385
"ABCA2,TENT5A,KCNIP1",0.3,0.4615384615384615
"CNTN5,CBLN2,KLF2",0.7153846153846154,0.7153846153846154
"LINC02754,NT5DC1,RAPGEF3",0.5692307692307692,0.5
"KIF3A,ACTN2,HOOK1",0.20769230769230768,0.7461538461538462
"FLRT3,RNF128,DRC1",0.45384615384615384,0.5538461538461539
"PNPT1,EBI3,SMIM3",0.25384615384615383,0.5846153846153846
"P2RY12,NEFL,SNX18",0.7692307692307692,0.5
"PRDM16,GNG5,POU2AF3",0.4769230769230769,0.5
"RPGR,TBC1D30,HCCS",0.6384615384615384,0.9615384615384616
"AACS,HIP1,TGFB1I1",0.6730769230769231,0.5923076923076923
"SLC12A8,LOC105370569,P2RY12",0.6615384615384615,0.7692307692307692
"LINC01697,DUSP6,IBTK",0.31538461538461543,0.46153846153846156
"TNS3,TPD52L1,ITGB2",0.4615384615384615,0.5
"GPX3,GADD45A,LINC01410",0.676923076923077,0.6461538461538462
"RBM48,HELLS,RAP1GAP2",0.1923076923076923,0.8769230769230769
"EMX2OS,CHD7,WWC3",0.5923076923076923,0.823076923076923
"TRIB2,ZNF281,SLC1A4",0.7384615384615385,0.7307692307692308
"ELN,CSRP2,PTGFR",0.7538461538461539,0.8846153846153846
"ZIC1,NIPSNAP3A,ARID5A",0.6692307692307693,0.46153846153846156
"NALF1,FUNDC1,KCTD4",0.8153846153846154,0.7384615384615384
"PXN-AS1,SNTB1,FGR",0.25384615384615383,0.7076923076923076
"FAM131A,TSGA10,RNF182",0.7692307692307693,0.9153846153846154
"CLEC7A,SPEN-AS1,AACS",0.6730769230769231,0.23461538461538461
"GABBR1,ZNF441,KLHDC8A",1.0,1.0
"BOC,VDAC1,FAM13A",0.8923076923076924,0.8846153846153847
"SELPLG,DNAJA1,P4HA1",0.7538461538461538,0.26923076923076916
"PPM1J,PPM1H,TBC1D1",0.8923076923076924,0.8538461538461539
"CFAP43,NR3C2,ZFPM2",0.823076923076923,0.8538461538461539
"ADGRA1,S1PR5,MAFK",0.7576923076923077,0.8153846153846154
"OLA1,GCLM,SDC4",0.6076923076923076,0.38076923076923075
"PLCB4,BNIP2,PGM2L1",0.7692307692307692,0.6307692307692307
"DLGAP1-AS2,PTX3,RBM6",0.3384615384615384,0.49230769230769234
"HS6ST2,CDO1,SLC41A1",0.26923076923076916,0.5461538461538462
"CDK13,CFAP126,EID2B",0.6384615384615384,0.8384615384615384
"KCNA5,CDH7,PEG10",0.4076923076923077,0.26923076923076916
"LOC102724701,MATK,DIAPH2-AS1",0.8384615384615386,0.8230769230769232
"FOXN2,TUBG1,PRICKLE1",0.7461538461538462,0.8153846153846155
"PRXL2B,SPDYE2,TSPAN15",0.5,0.6384615384615384
"RGS14,KCNQ3,MARCHF11",0.7538461538461538,0.6461538461538461
"TRANK1,ATL1,LUM",0.6153846153846154,0.3846153846153846
"TREM2,EPHB1,NXPH1",0.7153846153846153,0.5615384615384615
"OMD,RPRM,VSTM2A-OT1",0.6230769230769231,0.13846153846153847
"IFI44,ABCC12,TMEM65",0.576923076923077,0.7615384615384615
"STOX1,MTARC2,MAFK",0.5153846153846153,0.8461538461538461
"PLXNA1,PHLDB1,TM2D3",0.9153846153846154,0.9076923076923078
"HMG20B,ADM,ADGRL1",0.2,0.6615384615384616
"PSMA3-AS1,NEK7,METRNL",0.35384615384615387,0.7615384615384615
"OCA2,KSR2,MS4A7",0.7461538461538462,0.4461538461538462
"PID1,THBS1,IFIT3",0.8153846153846154,0.7615384615384615
"LSM11,PIEZO2,IFT74",0.823076923076923,0.8461538461538461
"MARCHF3,CYB5R2,BBOF1",0.3538461538461538,0.18846153846153843
"KIAA2012,CYBC1,MYH10",0.9076923076923077,0.9
"EBF1,PCOLCE2,SEPTIN7P13",0.4461538461538461,0.5
"TTC39C,GSTT1,PAM",0.6461538461538461,0.7923076923076924
"RYR2,YOD1,NAP1L5",0.7846153846153846,0.8384615384615385
"GRP,LRRC10B,RRAGB",0.5769230769230769,0.7769230769230768
"YWHAG,RAPGEF3,RAB6B",0.8,0.8076923076923077
"LGALS3BP,TYRP1,KCTD12",0.5,0.676923076923077
"IRX3,BSN,KLHL1",0.8538461538461538,0.8153846153846154
"PCDHA9,TESPA1,C6orf118",0.8384615384615385,0.6307692307692307
"AREL1,SECISBP2L,DNAJB2",0.9692307692307691,0.9615384615384615
"A2M-AS1,GPRC5B,TLCD3A",0.4923076923076923,0.6538461538461539
"GRIN2D,CD14,POP4",0.9230769230769231,0.9000000000000001
"C2CD2,NALF1,MPEG1",0.26923076923076916,0.6846153846153846
"HPR,RSKR,CHST1",0.6846153846153846,0.5461538461538461
"TOX-DT,HPD,PILRA",0.5,0.7076923076923076
"COL6A3,INSYN2B,PLCXD3",0.6461538461538462,0.16153846153846155
"CCNA1,PRXL2B,PACRG-AS3",0.7076923076923076,0.14615384615384613
"TTLL7-IT1,ANTXR1,HSPA4L",0.47692307692307695,0.7769230769230769
"BOLA2-SMG1P6,EIF5A2,TIMM17A",0.8692307692307693,0.846153846153846
"GPT2,WASL,UAP1L1",0.8076923076923077,0.7230769230769231
"ACTRT3,SLC4A7,KCNJ4",0.39230769230769225,1.0
"CBFB,PILRB,TAFA4",0.46153846153846156,0.5230769230769231
"ARMT1,SEC23IP,NPY5R",0.5692307692307692,0.8384615384615385
"INSIG2,CAPS,LINC02754",0.9538461538461538,0.9615384615384615
"COL6A1,AMPD3,CYBA",0.823076923076923,0.7615384615384615
"NNMT,CCDC144NL-AS1,OPTN",0.7307692307692307,0.9153846153846154
"DDX39A,RBM11,MAPK9",0.8846153846153846,0.8846153846153846
"PREX2,GGH,MEST",0.7846153846153846,0.7846153846153846
"IGHG3,C21orf62,WDR86",0.6230769230769231,0.6000000000000001
"NAV2,TLN1,PHLDB1",0.5461538461538462,0.9846153846153847
"IMPACT,ATP6V1E1,KIF5B",0.9384615384615385,0.8923076923076922
"ARHGAP45,INPP4A,PAWR",0.5461538461538462,0.5846153846153845
"KLKB1,BAIAP2,EMILIN2",0.8230769230769232,0.8538461538461538
"ALG14,IRX3,SLC6A13",0.7230769230769231,0.7076923076923076
"SERPINB9,PLEKHG1,CLDN10",0.5,0.6923076923076923
"GDF15,PELI1,SMOC1",0.42307692307692313,0.7538461538461538
"SMYD2,SHISA9,WNK2",0.6615384615384615,0.8923076923076922
"VSIG4,ACOT2,ACP2",0.9461538461538461,0.9153846153846154
"TAP2,SCN3B,IFIT1",0.8615384615384616,0.7846153846153846
"MAP3K9,DPYSL3,CCDC144NL-AS1",0.46923076923076923,1.0
"AR,CYP2E1,NEAT1",0.24615384615384617,0.6461538461538461
"COL24A1,MAEL,NKIRAS1",0.8769230769230769,0.8384615384615385
"EFHB,PLCB4,CHURC1",0.2153846153846154,0.7384615384615385
"UHRF1,HSPA1A,TRAF5",0.6846153846153846,0.7923076923076923
"UAP1,BGLAP,TESC",0.7230769230769231,0.7692307692307693
"EIF5A2,SLC16A9,CAP2",0.47692307692307695,0.27692307692307694
"DNAL4,TRGC2,NIPSNAP2",0.5615384615384615,0.7076923076923076
"FHIT,FBXO6,NEU1",0.8769230769230769,0.8538461538461538
"RBM11,BEGAIN,TXNIP",0.3384615384615385,0.5846153846153845
"GUF1,TTC39A,NPNT",0.8692307692307693,0.8384615384615385
"SYNJ2,ATOH7,COL4A2",0.8076923076923077,0.8076923076923077
"SERINC5,TRIM14,ALAS1",0.8538461538461539,0.9846153846153847
"MFSD6,GFPT2,SPON1",0.8538461538461538,0.823076923076923
"EIF1AY,WFIKKN2,PZP",0.876923076923077,0.7615384615384615
"EIF5-DT,IFT80,GADD45G",0.5076923076923077,0.20769230769230768
"ANO5,RBPMS,COA6",0.8307692307692307,0.6692307692307692
"VMP1,FLRT3,ZNF488",0.8615384615384616,0.7692307692307694
"PTPRK,DIP2B,MED12L",0.5,0.9692307692307692
"RALYL,SVEP1,SAMD5",0.7076923076923076,0.7
"BRINP1,ARHGEF3,LSP1P4",0.7461538461538462,0.7153846153846154
"MAP6D1,BEGAIN,NIPA1",0.7923076923076924,0.8615384615384616
"GSTM3,PTX3,RELA",0.6,0.8615384615384616
"SEMA3B,FGF13,FBLN1",0.7384615384615385,0.5
"SLC26A4,NUP58,SFR1",0.6538461538461537,0.6
"SERPINE2,DNAI7,COL9A1",0.5,0.5307692307692308
"GBP1,LYPD6B,ATP1B2",0.7846153846153846,0.7230769230769231
"CAMK1D,MEGF10,GGCT",0.9230769230769231,0.8923076923076924
